{
  "formula": "Mandelbrot2",
  "mode": "mandelbrot",
  "origin": [
    -0.5786639417349184,
    0.6324612076965828
  ],
  "zoom": [
    106504.30877068944,
    49356.681466458096
  ],
  "rotation": 0,
  "perturbation": [
    0,
    0
  ],
  "julia_seed": [
    0,
    0
  ],
  "iterations": 120,
  "bailout": 4,
  "in_coloring": "squares",
  "out_coloring": "iter",
  "width": 512,
  "height": 512,
  "palette": [
    [
      190,
      112,
      117
    ],
    [
      193,
      114,
      119
    ],
    [
      195,
      116,
      122
    ],
    [
      198,
      117,
      124
    ],
    [
      200,
      119,
      127
    ],
    [
      203,
      121,
      129
    ],
    [
      205,
      123,
      132
    ],
    [
      208,
      124,
      134
    ],
    [
      210,
      126,
      136
    ],
    [
      212,
      128,
      139
    ],
    [
      214,
      130,
      141
    ],
    [
      217,
      131,
      144
    ],
    [
      219,
      133,
      146
    ],
    [
      221,
      135,
      149
    ],
    [
      223,
      136,
      151
    ],
    [
      225,
      138,
      154
    ],
    [
      226,
      139,
      156
    ],
    [
      228,
      141,
      159
    ],
    [
      230,
      143,
      161
    ],
    [
      232,
      144,
      163
    ],
    [
      233,
      146,
      166
    ],
    [
      235,
      147,
      168
    ],
    [
      236,
      149,
      170
    ],
    [
      238,
      150,
      173
    ],
    [
      239,
      151,
      175
    ],
    [
      240,
      153,
      177
    ],
    [
      241,
      154,
      179
    ],
    [
      243,
      155,
      182
    ],
    [
      244,
      157,
      184
    ],
    [
      245,
      158,
      186
    ],
    [
      246,
      159,
      188
    ],
    [
      246,
      160,
      190
    ],
    [
      247,
      161,
      192
    ],
    [
      248,
      162,
      194
    ],
    [
      249,
      164,
      196
    ],
    [
      249,
      165,
      198
    ],
    [
      250,
      166,
      200
    ],
    [
      250,
      166,
      202
    ],
    [
      250,
      167,
      204
    ],
    [
      251,
      168,
      205
    ],
    [
      251,
      169,
      207
    ],
    [
      251,
      170,
      209
    ],
    [
      251,
      171,
      210
    ],
    [
      251,
      171,
      212
    ],
    [
      251,
      172,
      214
    ],
    [
      251,
      173,
      215
    ],
    [
      250,
      173,
      217
    ],
    [
      250,
      174,
      218
    ],
    [
      250,
      174,
      219
    ],
    [
      249,
      175,
      221
    ],
    [
      249,
      175,
      222
    ],
    [
      248,
      176,
      223
    ],
    [
      247,
      176,
      224
    ],
    [
      246,
      176,
      225
    ],
    [
      246,
      176,
      226
    ],
    [
      245,
      177,
      227
    ],
    [
      244,
      177,
      228
    ],
    [
      243,
      177,
      229
    ],
    [
      241,
      177,
      230
    ],
    [
      240,
      177,
      231
    ],
    [
      239,
      177,
      231
    ],
    [
      238,
      177,
      232
    ],
    [
      236,
      177,
      233
    ],
    [
      235,
      177,
      233
    ],
    [
      233,
      176,
      234
    ],
    [
      232,
      176,
      234
    ],
    [
      230,
      176,
      234
    ],
    [
      228,
      176,
      235
    ],
    [
      226,
      175,
      235
    ],
    [
      225,
      175,
      235
    ],
    [
      223,
      174,
      235
    ],
    [
      221,
      174,
      235
    ],
    [
      219,
      173,
      235
    ],
    [
      217,
      173,
      235
    ],
    [
      214,
      172,
      235
    ],
    [
      212,
      171,
      235
    ],
    [
      210,
      171,
      234
    ],
    [
      208,
      170,
      234
    ],
    [
      205,
      169,
      234
    ],
    [
      203,
      168,
      233
    ],
    [
      200,
      167,
      233
    ],
    [
      198,
      166,
      232
    ],
    [
      195,
      166,
      231
    ],
    [
      193,
      165,
      231
    ],
    [
      190,
      164,
      230
    ],
    [
      188,
      162,
      229
    ],
    [
      185,
      161,
      228
    ],
    [
      182,
      160,
      227
    ],
    [
      179,
      159,
      226
    ],
    [
      177,
      158,
      225
    ],
    [
      174,
      157,
      224
    ],
    [
      171,
      155,
      223
    ],
    [
      168,
      154,
      222
    ],
    [
      165,
      153,
      221
    ],
    [
      162,
      151,
      219
    ],
    [
      159,
      150,
      218
    ],
    [
      156,
      149,
      217
    ],
    [
      153,
      147,
      215
    ],
    [
      150,
      146,
      214
    ],
    [
      147,
      144,
      212
    ],
    [
      144,
      143,
      210
    ],
    [
      141,
      141,
      209
    ],
    [
      138,
      139,
      207
    ],
    [
      135,
      138,
      205
    ],
    [
      132,
      136,
      204
    ],
    [
      129,
      135,
      202
    ],
    [
      126,
      133,
      200
    ],
    [
      123,
      131,
      198
    ],
    [
      120,
      130,
      196
    ],
    [
      117,
      128,
      194
    ],
    [
      114,
      126,
      192
    ],
    [
      111,
      124,
      190
    ],
    [
      108,
      123,
      188
    ],
    [
      105,
      121,
      186
    ],
    [
      102,
      119,
      184
    ],
    [
      99,
      117,
      182
    ],
    [
      96,
      116,
      179
    ],
    [
      93,
      114,
      177
    ],
    [
      90,
      112,
      175
    ],
    [
      87,
      110,
      173
    ],
    [
      84,
      108,
      170
    ],
    [
      81,
      107,
      168
    ],
    [
      78,
      105,
      166
    ],
    [
      75,
      103,
      163
    ],
    [
      73,
      101,
      161
    ],
    [
      70,
      99,
      159
    ],
    [
      67,
      98,
      156
    ],
    [
      64,
      96,
      154
    ],
    [
      62,
      94,
      151
    ],
    [
      59,
      92,
      149
    ],
    [
      57,
      90,
      146
    ],
    [
      54,
      89,
      144
    ],
    [
      52,
      87,
      141
    ],
    [
      49,
      85,
      139
    ],
    [
      47,
      83,
      136
    ],
    [
      44,
      82,
      134
    ],
    [
      42,
      80,
      132
    ],
    [
      40,
      78,
      129
    ],
    [
      38,
      76,
      127
    ],
    [
      35,
      75,
      124
    ],
    [
      33,
      73,
      122
    ],
    [
      31,
      71,
      119
    ],
    [
      29,
      70,
      117
    ],
    [
      27,
      68,
      114
    ],
    [
      26,
      67,
      112
    ],
    [
      24,
      65,
      109
    ],
    [
      22,
      63,
      107
    ],
    [
      20,
      62,
      105
    ],
    [
      19,
      60,
      102
    ],
    [
      17,
      59,
      100
    ],
    [
      16,
      57,
      98
    ],
    [
      14,
      56,
      95
    ],
    [
      13,
